Name,Description,More Description,Image_Link
Nike Force Zoom Trout 6,The Nike Force Zoom Trout 6 is inspired by Mike Trout’s legendary 5-tool play. The lightweight upper helps stabilize your foot in key areas while angular spikes on the sole give you traction to tear up the base paths.,EXPLOSIVE POWER. 5-TOOL SUPPORT.,https://c.static-nike.com/a/images/t_PDP_LOADING_v1/f_auto/wo2qjnnxculua9ml762o/force-zoom-trout-6-mens-baseball-cleat-Vmzj3L.jpg
Alpha Huarache Elite 2 Low,The Nike Alpha Huarache Elite 2 Low features both a Nike Air and Zoom Air unit for optimal underfoot cushioning. Its 9-stud design gives you the traction and stability needed to excel at every position.,CLEAN LOOK. COMFORTABLE FEEL.,https://c.static-nike.com/a/images/t_PDP_LOADING_v1/f_auto/qimgagekx7cq98iodfxe/alpha-huarache-elite-2-low-baseball-cleat-8WVpZw.jpg
Nike Lunar Vapor Ultrafly Elite 2,"Built for acceleration, the Nike Lunar Vapor Ultrafly Elite 2 will keep you light on your feet. It features an asymmetrical tongue and laces for lateral support while rounding bases, and a hybrid stud pattern for excellent traction.",ELECTRIC SPEED.,https://c.static-nike.com/a/images/t_PDP_LOADING_v1/f_auto/espbs78lraiqxtugvzmy/lunar-vapor-ultrafly-elite-2-mens-baseball-cleat-tpQ1k4.jpg
Nike Force Air Trout 6 Pro,The Nike Force Air Trout 6 Pro is inspired by Mike Trout’s legendary play. Its molded upper helps stabilize your foot during dynamic movement. Angular spikes add traction for running the basepaths.,DIAMOND-READY STABILITY AND TRACTION.,https://c.static-nike.com/a/images/t_PDP_LOADING_v1/f_auto/uhzfevthn9atg3zgcihj/force-air-trout-6-pro-mens-baseball-cleat-QV41DM.jpg
Nike Force Trout 6 Pro MCS,The Nike Force Trout 6 Pro MCS combines stability and comfort for game-day performance. A durable molded upper has a midfoot strap to help secure your foot. An aggressive cleat pattern delivers multi-directional traction.,DIAMOND-READY STABILITY AND TRACTION.,https://c.static-nike.com/a/images/t_PDP_LOADING_v1/f_auto/klbexo8ggeflfedjuwzn/force-trout-6-pro-mcs-mens-baseball-cleat-JLbch0.jpg
Nike Force Zoom Trout 6 Turf,The Nike Force Zoom Trout 6 Turf is built for your pregame routine. Durable molded material and a midfoot strap help keep your foot ventilated and secure when you're taking batting practice or shagging fly balls before first pitch.,"SUPPORT AND TRACTION, READY FOR PREGAME.",https://c.static-nike.com/a/images/t_PDP_LOADING_v1/f_auto/z12r2hwyxmdi0eeygt5o/force-zoom-trout-6-turf-mens-baseball-shoe-vrmvbx.jpg
Nike Force Zoom Trout 6 Keystone,The Nike Force Zoom Trout 6 Keystone is inspired by Mike Trout's speed and power. It keeps you in the game with a durable upper and comfortable foam cushioning. A rubber outsole gives you traction for the basepaths.,DIAMOND-READY STABILITY AND TRACTION.,https://c.static-nike.com/a/images/t_PDP_LOADING_v1/f_auto/c79b1zraompi51fvomfs/force-zoom-trout-6-keystone-mens-baseball-cleat-02pL77.jpg
Alpha Huarache Elite 2 Mid,"Built for containment and comfort on the field, the Nike Alpha Huarache Elite 2 Mid Cleat features both Nike Air and Zoom Air for optimal underfoot cushioning. Its 9-stud design gives you traction and stability, offering you the versatility needed to excel at every position.",DYNAMIC VERSATILITY.,https://c.static-nike.com/a/images/t_PDP_LOADING_v1/f_auto/qcreie9ttfg3zqxblpw5/alpha-huarache-elite-2-mid-mens-baseball-cleat-JjB2Gs.jpg
Nike Alpha Huarache Elite 2 Mid,"Built for containment and comfort on the field, the Nike Alpha Huarache Elite 2 Mid features both Nike Air and Zoom Air for optimal underfoot cushioning. Its 9-stud design gives you traction and stability, offering you the versatility needed to excel at every position.",COMMAND THE DIAMOND.,https://c.static-nike.com/a/images/t_PDP_LOADING_v1/f_auto/o6k8swxqlj6ncaefjrif/alpha-huarache-elite-2-mid-mens-baseball-cleat-LJ5P5q.jpg
Nike Alpha Huarache Elite 2 Low,"A true alpha takes command of the diamond when the competition heats up. The Nike Alpha Huarache Elite 2 Low sports a 9-stud design that lets you dig into the batter's box and tear up the basepaths like a pro. Underfoot, a Nike Air and Zoom Air unit deliver plush cushioning to keep your feet comfortable all season long.",COMMAND THE DIAMOND.,https://c.static-nike.com/a/images/t_PDP_LOADING_v1/f_auto/za0bgumlpv51fg1cviir/alpha-huarache-elite-2-low-baseball-cleat-4QdsSF.jpg
Nike Alpha Huarache Elite 2 Turf,"The Nike Alpha Huarache Elite 2 Turf features the breathability of mesh and the underfoot cushioning of soft foam. Rubber pegs provide traction on surfaces including grass, dirt, turf and rubber.",DYNAMIC VERSATILITY.,https://c.static-nike.com/a/images/t_PDP_LOADING_v1/f_auto/ytdryviilkhsm7iwpk1p/alpha-huarache-elite-2-turf-baseball-shoe-khgXp0.jpg
Nike Alpha Huarache Varsity Low MCS,"Crafted with durable, synthetic leather and soft Lunarlon cushioning, the Nike Alpha Huarache Varsity Low MCS keeps you in the game. An 11-stud configuration gives traction for bursts of speed.",EXCELLENT TRACTION. ENHANCED COMFORT.,https://c.static-nike.com/a/images/t_PDP_LOADING_v1/f_auto/v0yyr48ubmrxp5rtbdcr/alpha-huarache-varsity-low-mcs-mens-baseball-cleat-HG3s8W.jpg
Nike Alpha Huarache Varsity Turf,"The Nike Alpha Huarache Varsity Turf features the durability of a synthetic leather upper and the underfoot cushioning of Lunarlon foam. Its aggressive rubber outsole pattern provides traction on all pre-game surfaces including grass, dirt, turf and rubber.",COMFORT AND TRACTION ON ALL SURFACES.,https://c.static-nike.com/a/images/t_PDP_LOADING_v1/f_auto/i3rfhjg3oihnmlwxhaaq/alpha-huarache-varsity-turf-mens-baseball-cleat-vSSp51.jpg
Nike Vapor Ultrafly 2 Keystone,"Built for multidirectional movement, the Nike Vapor Ultrafly 2 Keystone will keep you light on your feet. It features an asymmetrical tongue and laces for lateral support while rounding bases and a 12-stud configuration for powerful traction.",ELECTRIC SPEED.,https://c.static-nike.com/a/images/t_PDP_LOADING_v1/f_auto/u7aye1bgfehpx91pal3x/vapor-ultrafly-2-keystone-mens-baseball-cleat-77L7DF.jpg
Nike Zoom Hyperdiamond 3 Elite CS,"Tailored for comfort, the Nike Zoom Hyperdiamond 3 Elite CS delivers lightweight responsiveness. Molded details add durability and support that stand up to intense play while Nike Air cushioning helps you be quick off the plate and toward the plate.","LIGHTWEIGHT AND DURABLE, BUILT FOR COMFORT.",https://c.static-nike.com/a/images/t_PDP_LOADING_v1/f_auto/msve1lcjy2nilcwze0t7/zoom-hyperdiamond-3-elite-cs-womens-softball-cleat-2vFmjg.jpg
Nike Alpha Huarache Elite 2 Turf,"Designed for use on a variety surfaces, the Nike Alpha Huarache Elite 2 Turf features the breathability of a mesh upper and the underfoot cushioning of Lunarlon foam. Rubber pegs provide traction on all surfaces, including grass, dirt, turf and rubber.",DYNAMIC VERSATILITY.,https://c.static-nike.com/a/images/t_PDP_LOADING_v1/f_auto/jyoxkb4ofpes37hrjcmc/alpha-huarache-elite-2-turf-womens-softball-cleat-qT9K1d.jpg
Nike Force Trout 6 Pro MCS,The Nike Force Trout 6 Pro MCS combines stability and comfort for game-day performance. A durable molded upper has a midfoot strap to help secure your foot. An aggressive cleat pattern delivers multi-directional traction. Arrowhead details at the strap nod to Mike Trout's love of hunting.,DIAMOND-READY STABILITY AND TRACTION.,https://c.static-nike.com/a/images/t_PDP_LOADING_v1/f_auto/j2xl7gltlhpadrmtilye/force-trout-6-pro-mcs-little-big-kids-baseball-cleat-MShSBf.jpg
Nike Force Trout 6 Keystone,The Nike Force Trout 6 Keystone is inspired by Mike Trout's speed and power. Stay in the game with a durable upper and comfortable foam cushioning. A rubber sole gives you traction for the basepaths. Arrowhead details at the strap nod to Mike Trout's love of hunting.,DIAMOND-READY STABILITY AND TRACTION.,https://c.static-nike.com/a/images/t_PDP_LOADING_v1/f_auto/r07tvqhzf1xkg5rcfqn1/force-trout-6-keystone-little-big-kids-baseball-cleat-v9Nshc.jpg
Nike Force Zoom Trout 6 Turf Premium,"The Nike Force Zoom Trout 6 Turf Premium adds patriotic flair to your pregame routine. Its lightweight molded upper helps stabilize your foot, and a nubby outsole delivers traction on a variety of surfaces.",SUPPORT AND TRACTION IN A PATRIOTIC DESIGN.,https://c.static-nike.com/a/images/t_PDP_LOADING_v1/f_auto/paxck04bse3gvc9sgx66/force-zoom-trout-6-turf-premium-mens-baseball-shoe-cF8xd0.jpg
,,,
,,,
,,,
Nike Alpha Huarache Elite 2 Low,"Built for containment and comfort on the field, the Nike Alpha Huarache Elite 2 Low features both a Nike Air and Zoom Air unit for optimal underfoot cushioning. Its 9-stud design gives you traction and stability, offering you the versatility needed to excel at every position.",CLEAN LOOK. COMFORTABLE FEEL.,https://c.static-nike.com/a/images/t_PDP_LOADING_v1/f_auto/xqajawwwppajdfuekihi/alpha-huarache-elite-2-low-womens-softball-cleat-7B7Fh6.jpg
Nike Alpha Huarache Turf,"The Nike Alpha Huarache Turf features synthetic leather and a foam sole for durability and lightweight support on the diamond. The rubber outsole pattern provides traction on surfaces such as grass, dirt, turf and rubber.",DURABILITY AND COMFORT ON THE DIAMOND.,https://c.static-nike.com/a/images/t_PDP_LOADING_v1/f_auto/yvgtnskr01ek275jw84d/alpha-huarache-turf-little-big-kids-baseball-cleat-xWGSM6.jpg
